{
	"CameraMatrix": [
		[
			6559.21160746211,
			1.08321978966542,
			6782.42508173590
		],
		[
			0,
			6559.70142918595,
			4656.33776474411
		],
		[
			0,
			0,
			1.0000
		]
	],
	"Coefficient": [
		[
			-0.0808768904390068,
			0.0121841874932044,
			0.00206512174690823,
			-0.00127328881986871,
			-0.00166876245922846
		]
	]
}